{
    "keep": {
        "days": true,
        "amount": 14
    },
    "auditLog": "E:\\P hero level 2\\Misson 03 Be a Backend Brainiac Mission\\university-management-auth-service\\logs\\winston\\success\\.997ae4f14c404550a9f4b72f879c8530ffac8fb9-audit.json",
    "files": [
        {
            "date": 1686119067072,
            "name": "E:\\P hero level 2\\Misson 03 Be a Backend Brainiac Mission\\university-management-auth-service\\logs\\winston\\success\\phu-2023-07-06-12-success.log",
            "hash": "15bdc2849dc9b138d8d52d45f32c7b9f0890833e40d806c1f6f030a75cd8077b"
        },
        {
            "date": 1686121991041,
            "name": "E:\\P hero level 2\\Misson 03 Be a Backend Brainiac Mission\\university-management-auth-service\\logs\\winston\\success\\phu-2023-07-06-13-success.log",
            "hash": "506768fc1f5a4fcce0e03a2441213557fe6c0adc9729cfa903fbb433ac2faf54"
        }
    ],
    "hashType": "sha256"
}