{
    "keep": {
        "days": true,
        "amount": 14
    },
    "auditLog": "E:\\P hero level 2\\Misson 03 Be a Backend Brainiac Mission\\university-management-auth-service\\logs\\winston\\errors\\.cad2981f1ebf68e4ffa63179169c625562fb2fc3-audit.json",
    "files": [
        {
            "date": 1686119067075,
            "name": "E:\\P hero level 2\\Misson 03 Be a Backend Brainiac Mission\\university-management-auth-service\\logs\\winston\\errors\\phu-2023-07-06-12-error.log",
            "hash": "26f9b0c69455c8b3fd13df4b16df8294380d853878fe1416fcd9a072d70d206b"
        },
        {
            "date": 1686121991074,
            "name": "E:\\P hero level 2\\Misson 03 Be a Backend Brainiac Mission\\university-management-auth-service\\logs\\winston\\errors\\phu-2023-07-06-13-error.log",
            "hash": "db2c05c6877490626b58dab5f5b13510e965ebfd29cf8a3753c8f3e24c0b6338"
        }
    ],
    "hashType": "sha256"
}